{
    "Z_CANVAS": 0.047999999999999904,
    "Z_MAX_CANVAS": 0.0389999999999999
}